{
  "GET /items/{id}" : {
    "transaction" : "GET /items/{id}",
    "sampleCount" : 24594,
    "errorCount" : 0,
    "errorPct" : 0.0,
    "meanResTime" : 881.23233308937,
    "medianResTime" : 900.0,
    "minResTime" : 4.0,
    "maxResTime" : 4090.0,
    "pct1ResTime" : 1272.0,
    "pct2ResTime" : 1456.0,
    "pct3ResTime" : 1983.0,
    "throughput" : 40.915125320663186,
    "receivedKBytesPerSec" : 29.75850742620172,
    "sentKBytesPerSec" : 7.3475403293223405
  },
  "PUT /items/{id}" : {
    "transaction" : "PUT /items/{id}",
    "sampleCount" : 3501,
    "errorCount" : 0,
    "errorPct" : 0.0,
    "meanResTime" : 939.5427020851181,
    "medianResTime" : 923.0,
    "minResTime" : 15.0,
    "maxResTime" : 3583.0,
    "pct1ResTime" : 1371.8000000000002,
    "pct2ResTime" : 1593.8999999999996,
    "pct3ResTime" : 2296.86,
    "throughput" : 5.830491086892803,
    "receivedKBytesPerSec" : 4.456088463463255,
    "sentKBytesPerSec" : 2.646477154021723
  },
  "Total" : {
    "transaction" : "Total",
    "sampleCount" : 59652,
    "errorCount" : 650,
    "errorPct" : 1.0896534,
    "meanResTime" : 956.7886743109959,
    "medianResTime" : 1014.0,
    "minResTime" : 4.0,
    "maxResTime" : 5687.0,
    "pct1ResTime" : 1408.0,
    "pct2ResTime" : 1609.0,
    "pct3ResTime" : 2105.9900000000016,
    "throughput" : 99.22386748859755,
    "receivedKBytesPerSec" : 468.92426003817866,
    "sentKBytesPerSec" : 23.0324624081607
  },
  "GET /items/search/byCategory" : {
    "transaction" : "GET /items/search/byCategory",
    "sampleCount" : 24557,
    "errorCount" : 0,
    "errorPct" : 0.0,
    "meanResTime" : 1046.793297226863,
    "medianResTime" : 1053.0,
    "minResTime" : 30.0,
    "maxResTime" : 5687.0,
    "pct1ResTime" : 1467.0,
    "pct2ResTime" : 1666.0,
    "pct3ResTime" : 2174.9900000000016,
    "throughput" : 40.853367404146724,
    "receivedKBytesPerSec" : 427.1628147635547,
    "sentKBytesPerSec" : 9.009325634855873
  },
  "POST /items" : {
    "transaction" : "POST /items",
    "sampleCount" : 5252,
    "errorCount" : 0,
    "errorPct" : 0.0,
    "meanResTime" : 915.3874714394508,
    "medianResTime" : 908.0,
    "minResTime" : 9.0,
    "maxResTime" : 3667.0,
    "pct1ResTime" : 1331.0,
    "pct2ResTime" : 1527.699999999999,
    "pct3ResTime" : 2159.8200000000015,
    "throughput" : 8.741808715510052,
    "receivedKBytesPerSec" : 6.208057572745763,
    "sentKBytesPerSec" : 3.4491491607522415
  },
  "DELETE /items/{id}" : {
    "transaction" : "DELETE /items/{id}",
    "sampleCount" : 1748,
    "errorCount" : 650,
    "errorPct" : 37.185356,
    "meanResTime" : 914.3438215102972,
    "medianResTime" : 914.0,
    "minResTime" : 5.0,
    "maxResTime" : 3630.0,
    "pct1ResTime" : 1314.0,
    "pct2ResTime" : 1492.1,
    "pct3ResTime" : 1967.02,
    "throughput" : 2.911571832374747,
    "receivedKBytesPerSec" : 1.4149105806612,
    "sentKBytesPerSec" : 0.5885696965835668
  }
}