{
  "GET /categories/{id}/items" : {
    "transaction" : "GET /categories/{id}/items",
    "sampleCount" : 56009,
    "errorCount" : 0,
    "errorPct" : 0.0,
    "meanResTime" : 456.6242568158712,
    "medianResTime" : 431.0,
    "minResTime" : 18.0,
    "maxResTime" : 5160.0,
    "pct1ResTime" : 650.0,
    "pct2ResTime" : 775.0,
    "pct3ResTime" : 1127.9900000000016,
    "throughput" : 93.29515509492923,
    "receivedKBytesPerSec" : 273.59977078690144,
    "sentKBytesPerSec" : 17.71598912578164
  },
  "GET /items/{id}" : {
    "transaction" : "GET /items/{id}",
    "sampleCount" : 56045,
    "errorCount" : 0,
    "errorPct" : 0.0,
    "meanResTime" : 384.7127843697056,
    "medianResTime" : 368.0,
    "minResTime" : 4.0,
    "maxResTime" : 3732.0,
    "pct1ResTime" : 579.0,
    "pct2ResTime" : 695.0,
    "pct3ResTime" : 1042.9900000000016,
    "throughput" : 93.34066135385179,
    "receivedKBytesPerSec" : 28.905254627894777,
    "sentKBytesPerSec" : 16.762040229167187
  },
  "PUT /items/{id}" : {
    "transaction" : "PUT /items/{id}",
    "sampleCount" : 7994,
    "errorCount" : 0,
    "errorPct" : 0.0,
    "meanResTime" : 418.25569176882635,
    "medianResTime" : 392.0,
    "minResTime" : 11.0,
    "maxResTime" : 4577.0,
    "pct1ResTime" : 667.0,
    "pct2ResTime" : 821.25,
    "pct3ResTime" : 1206.1500000000005,
    "throughput" : 13.326531700941558,
    "receivedKBytesPerSec" : 4.791945965469212,
    "sentKBytesPerSec" : 6.330518347840982
  },
  "Total" : {
    "transaction" : "Total",
    "sampleCount" : 136033,
    "errorCount" : 706,
    "errorPct" : 0.5189917,
    "meanResTime" : 419.26872891136895,
    "medianResTime" : 424.0,
    "minResTime" : 4.0,
    "maxResTime" : 5160.0,
    "pct1ResTime" : 653.0,
    "pct2ResTime" : 810.0,
    "pct3ResTime" : 1142.9900000000016,
    "throughput" : 226.5343982307959,
    "receivedKBytesPerSec" : 313.86677703202855,
    "sentKBytesPerSec" : 50.440655906742094
  },
  "POST /items" : {
    "transaction" : "POST /items",
    "sampleCount" : 11991,
    "errorCount" : 0,
    "errorPct" : 0.0,
    "meanResTime" : 408.86840130097715,
    "medianResTime" : 385.0,
    "minResTime" : 7.0,
    "maxResTime" : 3648.0,
    "pct1ResTime" : 658.0,
    "pct2ResTime" : 813.0,
    "pct3ResTime" : 1196.1599999999999,
    "throughput" : 19.98333472210649,
    "receivedKBytesPerSec" : 5.970143764061329,
    "sentKBytesPerSec" : 8.30674754968336
  },
  "DELETE /items/{id}" : {
    "transaction" : "DELETE /items/{id}",
    "sampleCount" : 3994,
    "errorCount" : 706,
    "errorPct" : 17.676516,
    "meanResTime" : 413.57285928893293,
    "medianResTime" : 390.0,
    "minResTime" : 6.0,
    "maxResTime" : 2653.0,
    "pct1ResTime" : 656.5,
    "pct2ResTime" : 821.25,
    "pct3ResTime" : 1229.1000000000004,
    "throughput" : 6.659796771149106,
    "receivedKBytesPerSec" : 0.6831905657117179,
    "sentKBytesPerSec" : 1.346267511355337
  }
}