{
  "GET /items (paginé)" : {
    "transaction" : "GET /items (paginé)",
    "sampleCount" : 45405,
    "errorCount" : 0,
    "errorPct" : 0.0,
    "meanResTime" : 300.0345776896788,
    "medianResTime" : 302.0,
    "minResTime" : 15.0,
    "maxResTime" : 1634.0,
    "pct1ResTime" : 420.0,
    "pct2ResTime" : 547.0,
    "pct3ResTime" : 728.0,
    "throughput" : 75.65243035827645,
    "receivedKBytesPerSec" : 215.92939291340585,
    "sentKBytesPerSec" : 13.282075925473901
  },
  "GET /categories/{id}/items" : {
    "transaction" : "GET /categories/{id}/items",
    "sampleCount" : 18144,
    "errorCount" : 0,
    "errorPct" : 0.0,
    "meanResTime" : 313.0659722222236,
    "medianResTime" : 308.0,
    "minResTime" : 15.0,
    "maxResTime" : 1692.0,
    "pct1ResTime" : 427.0,
    "pct2ResTime" : 556.0,
    "pct3ResTime" : 755.0,
    "throughput" : 30.23818570885747,
    "receivedKBytesPerSec" : 74.65847459308692,
    "sentKBytesPerSec" : 5.239796289305976
  },
  "Total" : {
    "transaction" : "Total",
    "sampleCount" : 90782,
    "errorCount" : 0,
    "errorPct" : 0.0,
    "meanResTime" : 314.0971337930429,
    "medianResTime" : 318.0,
    "minResTime" : 14.0,
    "maxResTime" : 2088.0,
    "pct1ResTime" : 491.0,
    "pct2ResTime" : 589.0,
    "pct3ResTime" : 817.0,
    "throughput" : 151.24359211444812,
    "receivedKBytesPerSec" : 3273.8786652579524,
    "sentKBytesPerSec" : 26.64039338575846
  },
  "GET /items?categoryId" : {
    "transaction" : "GET /items?categoryId",
    "sampleCount" : 18157,
    "errorCount" : 0,
    "errorPct" : 0.0,
    "meanResTime" : 303.08801013383624,
    "medianResTime" : 295.0,
    "minResTime" : 14.0,
    "maxResTime" : 2088.0,
    "pct1ResTime" : 407.0,
    "pct2ResTime" : 538.0,
    "pct3ResTime" : 721.0,
    "throughput" : 30.2557667921422,
    "receivedKBytesPerSec" : 87.00723118106553,
    "sentKBytesPerSec" : 5.643409626268712
  },
  "GET /categories (paginé)" : {
    "transaction" : "GET /categories (paginé)",
    "sampleCount" : 9076,
    "errorCount" : 0,
    "errorPct" : 0.0,
    "meanResTime" : 408.534376377259,
    "medianResTime" : 407.0,
    "minResTime" : 44.0,
    "maxResTime" : 1608.0,
    "pct1ResTime" : 554.0,
    "pct2ResTime" : 646.1499999999996,
    "pct3ResTime" : 845.9199999999983,
    "throughput" : 15.124624842312954,
    "receivedKBytesPerSec" : 2897.099775319394,
    "sentKBytesPerSec" : 2.479922371938122
  }
}