{
  "GET /categories/{id}/items" : {
    "transaction" : "GET /categories/{id}/items",
    "sampleCount" : 69192,
    "errorCount" : 0,
    "errorPct" : 0.0,
    "meanResTime" : 629.2705515088406,
    "medianResTime" : 656.0,
    "minResTime" : 17.0,
    "maxResTime" : 2610.0,
    "pct1ResTime" : 1159.0,
    "pct2ResTime" : 1322.0,
    "pct3ResTime" : 1652.0,
    "throughput" : 115.291561414851,
    "receivedKBytesPerSec" : 301.48437083436085,
    "sentKBytesPerSec" : 21.892822426718077
  },
  "GET /items/{id}" : {
    "transaction" : "GET /items/{id}",
    "sampleCount" : 69201,
    "errorCount" : 0,
    "errorPct" : 0.0,
    "meanResTime" : 82.4594442276848,
    "medianResTime" : 67.0,
    "minResTime" : 3.0,
    "maxResTime" : 1066.0,
    "pct1ResTime" : 162.0,
    "pct2ResTime" : 210.0,
    "pct3ResTime" : 333.9900000000016,
    "throughput" : 115.34134377390757,
    "receivedKBytesPerSec" : 34.1208984593111,
    "sentKBytesPerSec" : 20.713124898952778
  },
  "PUT /items/{id}" : {
    "transaction" : "PUT /items/{id}",
    "sampleCount" : 9874,
    "errorCount" : 0,
    "errorPct" : 0.0,
    "meanResTime" : 325.80868948754346,
    "medianResTime" : 276.0,
    "minResTime" : 15.0,
    "maxResTime" : 3296.0,
    "pct1ResTime" : 573.0,
    "pct2ResTime" : 701.0,
    "pct3ResTime" : 979.0,
    "throughput" : 16.467425384584594,
    "receivedKBytesPerSec" : 5.624042212787355,
    "sentKBytesPerSec" : 7.822231292673714
  },
  "Total" : {
    "transaction" : "Total",
    "sampleCount" : 168007,
    "errorCount" : 2541,
    "errorPct" : 1.512437,
    "meanResTime" : 339.2963745558192,
    "medianResTime" : 207.0,
    "minResTime" : 3.0,
    "maxResTime" : 3506.0,
    "pct1ResTime" : 910.0,
    "pct2ResTime" : 1106.0,
    "pct3ResTime" : 1479.9800000000032,
    "throughput" : 279.9057689840677,
    "receivedKBytesPerSec" : 352.2118571911127,
    "sentKBytesPerSec" : 62.323785743247974
  },
  "POST /items" : {
    "transaction" : "POST /items",
    "sampleCount" : 14806,
    "errorCount" : 0,
    "errorPct" : 0.0,
    "meanResTime" : 257.0657166013789,
    "medianResTime" : 216.0,
    "minResTime" : 10.0,
    "maxResTime" : 3506.0,
    "pct1ResTime" : 454.0,
    "pct2ResTime" : 556.0,
    "pct3ResTime" : 829.0,
    "throughput" : 24.692922840870242,
    "receivedKBytesPerSec" : 6.942695607941895,
    "sentKBytesPerSec" : 10.264459258595242
  },
  "DELETE /items/{id}" : {
    "transaction" : "DELETE /items/{id}",
    "sampleCount" : 4934,
    "errorCount" : 2541,
    "errorPct" : 51.499798,
    "meanResTime" : 148.81475476286977,
    "medianResTime" : 105.0,
    "minResTime" : 4.0,
    "maxResTime" : 2406.0,
    "pct1ResTime" : 323.0,
    "pct2ResTime" : 415.25,
    "pct3ResTime" : 606.8999999999978,
    "throughput" : 8.232773580372161,
    "receivedKBytesPerSec" : 4.113575949901721,
    "sentKBytesPerSec" : 1.6642423155635129
  }
}