{
  "GET /items (paginé)" : {
    "transaction" : "GET /items (paginé)",
    "sampleCount" : 20101,
    "errorCount" : 0,
    "errorPct" : 0.0,
    "meanResTime" : 717.2631709865138,
    "medianResTime" : 723.0,
    "minResTime" : 29.0,
    "maxResTime" : 3414.0,
    "pct1ResTime" : 1035.0,
    "pct2ResTime" : 1273.0,
    "pct3ResTime" : 1739.9900000000016,
    "throughput" : 33.47393908712283,
    "receivedKBytesPerSec" : 376.8129383868696,
    "sentKBytesPerSec" : 5.876857263649944
  },
  "GET /items/search/byCategoryJoin" : {
    "transaction" : "GET /items/search/byCategoryJoin",
    "sampleCount" : 8025,
    "errorCount" : 0,
    "errorPct" : 0.0,
    "meanResTime" : 722.2766355140176,
    "medianResTime" : 714.0,
    "minResTime" : 29.0,
    "maxResTime" : 4704.0,
    "pct1ResTime" : 1007.2000000000016,
    "pct2ResTime" : 1257.0,
    "pct3ResTime" : 1789.7399999999998,
    "throughput" : 13.369763509292193,
    "receivedKBytesPerSec" : 141.0622099443343,
    "sentKBytesPerSec" : 2.582844180300216
  },
  "Total" : {
    "transaction" : "Total",
    "sampleCount" : 40177,
    "errorCount" : 0,
    "errorPct" : 0.0,
    "meanResTime" : 710.2890210817167,
    "medianResTime" : 737.0,
    "minResTime" : 13.0,
    "maxResTime" : 4704.0,
    "pct1ResTime" : 1018.0,
    "pct2ResTime" : 1281.0,
    "pct3ResTime" : 1665.9900000000016,
    "throughput" : 66.90624599290254,
    "receivedKBytesPerSec" : 722.6475609084017,
    "sentKBytesPerSec" : 12.087837176434688
  },
  "GET /items/search/byCategory" : {
    "transaction" : "GET /items/search/byCategory",
    "sampleCount" : 8036,
    "errorCount" : 0,
    "errorPct" : 0.0,
    "meanResTime" : 732.5382030861102,
    "medianResTime" : 720.0,
    "minResTime" : 33.0,
    "maxResTime" : 2960.0,
    "pct1ResTime" : 1042.3000000000002,
    "pct2ResTime" : 1289.0,
    "pct3ResTime" : 1729.5200000000004,
    "throughput" : 13.385792670129161,
    "receivedKBytesPerSec" : 140.9597804825157,
    "sentKBytesPerSec" : 2.5336361948394073
  },
  "GET /categories (paginé)" : {
    "transaction" : "GET /categories (paginé)",
    "sampleCount" : 4015,
    "errorCount" : 0,
    "errorPct" : 0.0,
    "meanResTime" : 606.8811955168122,
    "medianResTime" : 616.0,
    "minResTime" : 13.0,
    "maxResTime" : 2543.0,
    "pct1ResTime" : 888.0,
    "pct2ResTime" : 1152.0,
    "pct3ResTime" : 1510.6000000000022,
    "throughput" : 6.693853325419637,
    "receivedKBytesPerSec" : 63.98534361068366,
    "sentKBytesPerSec" : 1.0975639411999587
  }
}